{
	"name": "mother-may-i",
	"title": "Mother, May I?",
	"description": "Allows trusted players to drag items and actors they own to the canvas as long as a GM is logged in.",
	"version": "0.0.2",
	"author": "Deuce",
	"esmodules": ["./mother-may-i.js"],
	"socket": true,
	"styles": [],
	"packs": [],
	"manifest": "https://raw.githubusercontent.com/RealDeuce/mother-may-i/master/module.json",
	"download": "https://raw.githubusercontent.com/RealDeuce/mother-may-i/master/mother-may-i.zip",
	"minimumCoreVersion": "0.4.4"
}
